{
  "simple": {
    "accuracy": 0.05416666666666667,
    "n_examples": 240,
    "correct": 13,
    "per_length_accuracy": {
      "2": 0.3157894736842105,
      "3": 0.20689655172413793,
      "4": 0.0,
      "5": 0.047619047619047616,
      "6": 0.0,
      "7": 0.0,
      "8": 0.0,
      "9": 0.0,
      "10": 0.0,
      "11": 0.0,
      "12": 0.0,
      "13": 0.0
    }
  },
  "length": {
    "accuracy": 0.0,
    "n_examples": 649,
    "correct": 0,
    "per_length_accuracy": {
      "6": 0.0,
      "7": 0.0,
      "8": 0.0,
      "9": 0.0,
      "10": 0.0,
      "11": 0.0,
      "12": 0.0,
      "13": 0.0
    }
  },
  "addprim": {
    "accuracy": 0.0,
    "n_examples": 427,
    "correct": 0,
    "per_length_accuracy": {
      "1": 0.0,
      "2": 0.0,
      "3": 0.0,
      "4": 0.0,
      "5": 0.0,
      "6": 0.0,
      "7": 0.0,
      "8": 0.0,
      "9": 0.0,
      "10": 0.0
    }
  }
}